[
{
 "fields": {
  "startedstudy": "2016-03-14T12:34:46.106Z",
  "thirdgame": "",
  "postpone": false,
  "firstgame": "",
  "optout": false,
  "totalearning": 0.0,
  "experimentearning": 0.0,
  "finishedstudy": "2016-03-14T12:34:46.106Z",
  "secondgame": "",
  "created": "2016-03-14T12:34:46.106Z",
  "username": "jmfeaton",
  "updated": "2016-03-14T12:34:46.106Z",
  "version": ""
 },
 "model": "games.user",
 "pk": 756
},
{
 "fields": {
  "startedstudy": "2016-03-14T13:27:16.560Z",
  "thirdgame": "",
  "postpone": false,
  "firstgame": "",
  "optout": false,
  "totalearning": 0.0,
  "experimentearning": 0.0,
  "finishedstudy": "2016-03-14T13:27:16.560Z",
  "secondgame": "",
  "created": "2016-03-14T13:27:16.561Z",
  "username": "solb",
  "updated": "2016-03-14T13:27:16.561Z",
  "version": ""
 },
 "model": "games.user",
 "pk": 757
},
{
 "fields": {
  "startedstudy": "2016-03-15T19:18:02.026Z",
  "thirdgame": "",
  "postpone": false,
  "firstgame": "",
  "optout": false,
  "totalearning": 0.0,
  "experimentearning": 0.0,
  "finishedstudy": "2016-03-15T19:18:02.026Z",
  "secondgame": "",
  "created": "2016-03-15T19:18:02.027Z",
  "username": "ssieg",
  "updated": "2016-03-15T19:18:02.027Z",
  "version": ""
 },
 "model": "games.user",
 "pk": 758
},
{
 "fields": {
  "startedstudy": "2016-03-15T19:19:33.686Z",
  "thirdgame": "",
  "postpone": false,
  "firstgame": "",
  "optout": false,
  "totalearning": 0.0,
  "experimentearning": 0.0,
  "finishedstudy": "2016-03-15T19:19:33.686Z",
  "secondgame": "",
  "created": "2016-03-15T19:19:33.687Z",
  "username": "britainw",
  "updated": "2016-03-15T19:19:33.687Z",
  "version": ""
 },
 "model": "games.user",
 "pk": 759
},
{
 "fields": {
  "startedstudy": "2016-03-15T19:23:05.266Z",
  "thirdgame": "",
  "postpone": true,
  "firstgame": "",
  "optout": false,
  "totalearning": 0.0,
  "experimentearning": 0.0,
  "finishedstudy": "2016-03-15T19:23:05.266Z",
  "secondgame": "",
  "created": "2016-03-15T19:23:05.267Z",
  "username": "mesnyder",
  "updated": "2016-03-15T19:31:35.886Z",
  "version": ""
 },
 "model": "games.user",
 "pk": 760
},
{
 "fields": {
  "startedstudy": "2016-03-16T14:17:20Z",
  "thirdgame": "gamble",
  "postpone": false,
  "firstgame": "lottery",
  "optout": false,
  "totalearning": 21.21,
  "experimentearning": 16.21,
  "finishedstudy": "2016-03-16T14:21:49.542Z",
  "secondgame": "investment",
  "created": "2016-03-15T19:33:48.114Z",
  "username": "arkzhang",
  "updated": "2016-03-16T14:21:49.543Z",
  "version": ""
 },
 "model": "games.user",
 "pk": 761
},
{
 "fields": {
  "startedstudy": "2016-03-18T16:40:02Z",
  "thirdgame": "lottery",
  "postpone": false,
  "firstgame": "gamble",
  "optout": false,
  "totalearning": 16.0,
  "experimentearning": 11.0,
  "finishedstudy": "2016-03-20T13:55:46.379Z",
  "secondgame": "investment",
  "created": "2016-03-16T14:04:10.405Z",
  "username": "oneweb",
  "updated": "2016-03-20T13:55:46.380Z",
  "version": ""
 },
 "model": "games.user",
 "pk": 763
},
{
 "fields": {
  "startedstudy": "2016-03-16T14:59:41Z",
  "thirdgame": "lottery",
  "postpone": false,
  "firstgame": "gamble",
  "optout": false,
  "totalearning": 29.5,
  "experimentearning": 24.5,
  "finishedstudy": "2016-03-16T15:19:39Z",
  "secondgame": "investment",
  "created": "2016-03-16T14:59:41.261Z",
  "username": "yanchen",
  "updated": "2016-03-20T14:02:45.023Z",
  "version": "Pilot"
 },
 "model": "games.user",
 "pk": 764
},
{
 "fields": {
  "startedstudy": "2016-03-16T15:06:07Z",
  "thirdgame": "gamble",
  "postpone": false,
  "firstgame": "lottery",
  "optout": false,
  "totalearning": 15.0,
  "experimentearning": 10.0,
  "finishedstudy": "2016-03-16T15:22:40Z",
  "secondgame": "investment",
  "created": "2016-03-16T15:06:07.750Z",
  "username": "danbenn",
  "updated": "2016-03-20T13:54:29.573Z",
  "version": "Pilot"
 },
 "model": "games.user",
 "pk": 765
},
{
 "fields": {
  "startedstudy": "2016-03-16T15:07:23Z",
  "thirdgame": "gamble",
  "postpone": false,
  "firstgame": "lottery",
  "optout": false,
  "totalearning": 17.21,
  "experimentearning": 12.21,
  "finishedstudy": "2016-03-16T15:24:22Z",
  "secondgame": "investment",
  "created": "2016-03-16T15:07:23.403Z",
  "username": "wkm",
  "updated": "2016-03-20T13:54:24.285Z",
  "version": "Pilot"
 },
 "model": "games.user",
 "pk": 766
},
{
 "fields": {
  "startedstudy": "2016-03-16T15:07:24Z",
  "thirdgame": "gamble",
  "postpone": false,
  "firstgame": "lottery",
  "optout": false,
  "totalearning": 27.0,
  "experimentearning": 22.0,
  "finishedstudy": "2016-03-16T15:24:41Z",
  "secondgame": "investment",
  "created": "2016-03-16T15:07:24.916Z",
  "username": "yiwenlin",
  "updated": "2016-03-20T13:54:19.404Z",
  "version": "Pilot"
 },
 "model": "games.user",
 "pk": 767
},
{
 "fields": {
  "startedstudy": "2016-03-16T15:07:26Z",
  "thirdgame": "lottery",
  "postpone": false,
  "firstgame": "gamble",
  "optout": false,
  "totalearning": 39.0,
  "experimentearning": 34.0,
  "finishedstudy": "2016-03-16T15:16:22Z",
  "secondgame": "investment",
  "created": "2016-03-16T15:07:26.015Z",
  "username": "rayenp",
  "updated": "2016-03-20T13:54:15.400Z",
  "version": "Pilot"
 },
 "model": "games.user",
 "pk": 768
},
{
 "fields": {
  "startedstudy": "2016-03-16T15:07:34Z",
  "thirdgame": "gamble",
  "postpone": false,
  "firstgame": "lottery",
  "optout": false,
  "totalearning": 36.0,
  "experimentearning": 31.0,
  "finishedstudy": "2016-03-16T15:25:24Z",
  "secondgame": "investment",
  "created": "2016-03-16T15:07:26.482Z",
  "username": "mayukime",
  "updated": "2016-03-20T13:54:11.303Z",
  "version": "Pilot"
 },
 "model": "games.user",
 "pk": 769
},
{
 "fields": {
  "startedstudy": "2016-03-16T15:07:27Z",
  "thirdgame": "lottery",
  "postpone": false,
  "firstgame": "gamble",
  "optout": false,
  "totalearning": 35.52,
  "experimentearning": 30.52,
  "finishedstudy": "2016-03-16T15:23:23Z",
  "secondgame": "investment",
  "created": "2016-03-16T15:07:27.424Z",
  "username": "havlicht",
  "updated": "2016-03-20T13:54:07.233Z",
  "version": "Pilot"
 },
 "model": "games.user",
 "pk": 770
},
{
 "fields": {
  "startedstudy": "2016-03-16T15:07:28Z",
  "thirdgame": "lottery",
  "postpone": false,
  "firstgame": "gamble",
  "optout": false,
  "totalearning": 25.75,
  "experimentearning": 20.75,
  "finishedstudy": "2016-03-16T15:18:43Z",
  "secondgame": "investment",
  "created": "2016-03-16T15:07:28.728Z",
  "username": "apho",
  "updated": "2016-03-20T13:54:03.021Z",
  "version": "Pilot"
 },
 "model": "games.user",
 "pk": 771
},
{
 "fields": {
  "startedstudy": "2016-03-16T15:07:31Z",
  "thirdgame": "gamble",
  "postpone": false,
  "firstgame": "lottery",
  "optout": false,
  "totalearning": 19.68,
  "experimentearning": 14.68,
  "finishedstudy": "2016-03-16T15:18:08Z",
  "secondgame": "investment",
  "created": "2016-03-16T15:07:31.862Z",
  "username": "msurace",
  "updated": "2016-03-20T13:53:58.654Z",
  "version": "Pilot"
 },
 "model": "games.user",
 "pk": 772
},
{
 "fields": {
  "startedstudy": "2016-03-16T15:07:33Z",
  "thirdgame": "gamble",
  "postpone": false,
  "firstgame": "lottery",
  "optout": false,
  "totalearning": 27.0,
  "experimentearning": 22.0,
  "finishedstudy": "2016-03-16T15:17:00Z",
  "secondgame": "investment",
  "created": "2016-03-16T15:07:33.151Z",
  "username": "jiayuliu",
  "updated": "2016-03-20T13:53:42.161Z",
  "version": "Pilot"
 },
 "model": "games.user",
 "pk": 773
},
{
 "fields": {
  "startedstudy": "2016-03-16T15:23:16Z",
  "thirdgame": "lottery",
  "postpone": false,
  "firstgame": "gamble",
  "optout": false,
  "totalearning": 16.0,
  "experimentearning": 11.0,
  "finishedstudy": "2016-03-16T15:23:24Z",
  "secondgame": "investment",
  "created": "2016-03-16T15:07:53.680Z",
  "username": "ellaire",
  "updated": "2016-03-20T13:53:36.526Z",
  "version": "Pilot"
 },
 "model": "games.user",
 "pk": 774
},
{
 "fields": {
  "startedstudy": "2016-03-17T17:03:31.247Z",
  "thirdgame": "",
  "postpone": false,
  "firstgame": "",
  "optout": false,
  "totalearning": 0.0,
  "experimentearning": 0.0,
  "finishedstudy": "2016-03-17T17:03:31.247Z",
  "secondgame": "",
  "created": "2016-03-17T17:03:31.248Z",
  "username": "maryb",
  "updated": "2016-03-17T17:03:31.248Z",
  "version": ""
 },
 "model": "games.user",
 "pk": 775
},
{
 "fields": {
  "startedstudy": "2016-03-22T18:25:34Z",
  "thirdgame": "lottery",
  "postpone": false,
  "firstgame": "gamble",
  "optout": false,
  "totalearning": 22.5,
  "experimentearning": 17.5,
  "finishedstudy": "2016-03-22T20:25:00.160Z",
  "secondgame": "investment",
  "created": "2016-03-21T16:03:58.021Z",
  "username": "si-yanchen",
  "updated": "2016-03-22T20:25:00.160Z",
  "version": ""
 },
 "model": "games.user",
 "pk": 776
},
{
 "fields": {
  "finishedquestion3": "2016-03-14T12:35:45.321Z",
  "finishedquestion2": "2016-03-14T12:35:10.660Z",
  "finishedquestion1": "2016-03-14T12:35:04.568Z",
  "created": "2016-03-14T12:35:04.573Z",
  "finishedquestion7": "2016-03-14T12:36:25.154Z",
  "finishedquestion6": "2016-03-14T12:36:18.647Z",
  "finishedquestion5": "2016-03-14T12:36:01.828Z",
  "finishedquestion4": "2016-03-14T12:35:52.584Z",
  "questionrightclicked6": 0,
  "questionrightclicked7": 0,
  "questionrightclicked4": 0,
  "questionrightclicked5": 0,
  "questionrightclicked2": 0,
  "questionrightclicked3": 0,
  "questionrightclicked1": 0,
  "questionhovered3": 1,
  "questionhovered2": 1,
  "questionhovered1": 1,
  "questionhovered7": 1,
  "questionhovered6": 1,
  "questionhovered5": 1,
  "questionhovered4": 1,
  "questionclicked1": 0,
  "questionclicked3": 0,
  "questionclicked2": 0,
  "questionclicked5": 0,
  "questionclicked4": 0,
  "questionclicked7": 0,
  "questionclicked6": 0,
  "correct2": 1,
  "correct3": 1,
  "correct1": 1,
  "correct6": 1,
  "correct7": 2,
  "correct4": 1,
  "correct5": 1,
  "startedquestion1": "2016-03-14T12:34:57Z",
  "startedquestion3": "2016-03-14T12:35:10Z",
  "startedquestion2": "2016-03-14T12:35:04Z",
  "startedquestion5": "2016-03-14T12:35:52Z",
  "startedquestion4": "2016-03-14T12:35:45Z",
  "startedquestion7": "2016-03-14T12:36:18Z",
  "startedquestion6": "2016-03-14T12:36:01Z",
  "question1": 0,
  "question3": 0,
  "question2": 1,
  "question5": 0,
  "question4": 0,
  "question7": 0,
  "question6": 0,
  "questionhoveredseconds7": 1.28,
  "questionhoveredseconds6": 2.679,
  "questionhoveredseconds5": 2.845,
  "questionhoveredseconds4": 1.413,
  "questionhoveredseconds3": 0.017,
  "questionhoveredseconds2": 1.232,
  "questionhoveredseconds1": 1.449,
  "user": 756,
  "updated": "2016-03-14T12:35:04.573Z"
 },
 "model": "games.pretest",
 "pk": 706
},
{
 "fields": {
  "finishedquestion3": "2016-03-15T19:20:31.779Z",
  "finishedquestion2": "2016-03-15T19:20:24.582Z",
  "finishedquestion1": "2016-03-15T19:20:11.577Z",
  "created": "2016-03-15T19:20:11.581Z",
  "finishedquestion7": "2016-03-15T19:21:01.715Z",
  "finishedquestion6": "2016-03-15T19:20:52.938Z",
  "finishedquestion5": "2016-03-15T19:20:37.815Z",
  "finishedquestion4": "2016-03-15T19:20:35.608Z",
  "questionrightclicked6": 0,
  "questionrightclicked7": 0,
  "questionrightclicked4": 0,
  "questionrightclicked5": 0,
  "questionrightclicked2": 0,
  "questionrightclicked3": 0,
  "questionrightclicked1": 0,
  "questionhovered3": 0,
  "questionhovered2": 1,
  "questionhovered1": 1,
  "questionhovered7": 1,
  "questionhovered6": 1,
  "questionhovered5": 0,
  "questionhovered4": 0,
  "questionclicked1": 0,
  "questionclicked3": 0,
  "questionclicked2": 0,
  "questionclicked5": 0,
  "questionclicked4": 0,
  "questionclicked7": 0,
  "questionclicked6": 0,
  "correct2": 1,
  "correct3": 1,
  "correct1": 1,
  "correct6": 1,
  "correct7": 1,
  "correct4": 1,
  "correct5": 1,
  "startedquestion1": "2016-03-15T19:20:02Z",
  "startedquestion3": "2016-03-15T19:20:24Z",
  "startedquestion2": "2016-03-15T19:20:11Z",
  "startedquestion5": "2016-03-15T19:20:35Z",
  "startedquestion4": "2016-03-15T19:20:31Z",
  "startedquestion7": "2016-03-15T19:20:53Z",
  "startedquestion6": "2016-03-15T19:20:38Z",
  "question1": 0,
  "question3": 0,
  "question2": 1,
  "question5": 0,
  "question4": 0,
  "question7": 1,
  "question6": 0,
  "questionhoveredseconds7": 5.556,
  "questionhoveredseconds6": 3.168,
  "questionhoveredseconds5": 0.0,
  "questionhoveredseconds4": 0.0,
  "questionhoveredseconds3": 0.0,
  "questionhoveredseconds2": 8.511,
  "questionhoveredseconds1": 4.37,
  "user": 759,
  "updated": "2016-03-15T19:20:11.581Z"
 },
 "model": "games.pretest",
 "pk": 707
},
{
 "fields": {
  "finishedquestion3": "2016-03-15T19:25:44.498Z",
  "finishedquestion2": "2016-03-15T19:25:33.536Z",
  "finishedquestion1": "2016-03-15T19:24:29.737Z",
  "created": "2016-03-15T19:24:29.740Z",
  "finishedquestion7": "2016-03-15T19:28:07.468Z",
  "finishedquestion6": "2016-03-15T19:27:58.025Z",
  "finishedquestion5": "2016-03-15T19:25:59.204Z",
  "finishedquestion4": "2016-03-15T19:25:52.358Z",
  "questionrightclicked6": 0,
  "questionrightclicked7": 0,
  "questionrightclicked4": 0,
  "questionrightclicked5": 0,
  "questionrightclicked2": 0,
  "questionrightclicked3": 0,
  "questionrightclicked1": 0,
  "questionhovered3": 0,
  "questionhovered2": 1,
  "questionhovered1": 1,
  "questionhovered7": 0,
  "questionhovered6": 1,
  "questionhovered5": 0,
  "questionhovered4": 1,
  "questionclicked1": 0,
  "questionclicked3": 0,
  "questionclicked2": 0,
  "questionclicked5": 0,
  "questionclicked4": 0,
  "questionclicked7": 0,
  "questionclicked6": 0,
  "correct2": 1,
  "correct3": 2,
  "correct1": 1,
  "correct6": 2,
  "correct7": 2,
  "correct4": 1,
  "correct5": 1,
  "startedquestion1": "2016-03-15T19:24:15Z",
  "startedquestion3": "2016-03-15T19:25:33Z",
  "startedquestion2": "2016-03-15T19:24:29Z",
  "startedquestion5": "2016-03-15T19:25:52Z",
  "startedquestion4": "2016-03-15T19:25:44Z",
  "startedquestion7": "2016-03-15T19:27:58Z",
  "startedquestion6": "2016-03-15T19:25:59Z",
  "question1": 0,
  "question3": 1,
  "question2": 1,
  "question5": 0,
  "question4": 0,
  "question7": 0,
  "question6": 1,
  "questionhoveredseconds7": 0.0,
  "questionhoveredseconds6": 0.016,
  "questionhoveredseconds5": 0.0,
  "questionhoveredseconds4": 0.88,
  "questionhoveredseconds3": 0.0,
  "questionhoveredseconds2": 2.002,
  "questionhoveredseconds1": 2.677,
  "user": 760,
  "updated": "2016-03-15T19:24:29.740Z"
 },
 "model": "games.pretest",
 "pk": 708
},
{
 "fields": {
  "finishedquestion3": "2016-03-15T19:35:22.255Z",
  "finishedquestion2": "2016-03-15T19:35:15.064Z",
  "finishedquestion1": "2016-03-15T19:34:28.545Z",
  "created": "2016-03-15T19:34:28.548Z",
  "finishedquestion7": "2016-03-15T19:36:34.798Z",
  "finishedquestion6": "2016-03-15T19:36:06.772Z",
  "finishedquestion5": "2016-03-15T19:35:53.703Z",
  "finishedquestion4": "2016-03-15T19:35:27.470Z",
  "questionrightclicked6": 0,
  "questionrightclicked7": 0,
  "questionrightclicked4": 0,
  "questionrightclicked5": 0,
  "questionrightclicked2": 0,
  "questionrightclicked3": 0,
  "questionrightclicked1": 0,
  "questionhovered3": 1,
  "questionhovered2": 1,
  "questionhovered1": 1,
  "questionhovered7": 1,
  "questionhovered6": 1,
  "questionhovered5": 1,
  "questionhovered4": 1,
  "questionclicked1": 0,
  "questionclicked3": 0,
  "questionclicked2": 0,
  "questionclicked5": 0,
  "questionclicked4": 0,
  "questionclicked7": 0,
  "questionclicked6": 0,
  "correct2": 1,
  "correct3": 1,
  "correct1": 1,
  "correct6": 2,
  "correct7": 1,
  "correct4": 1,
  "correct5": 1,
  "startedquestion1": "2016-03-15T19:34:17Z",
  "startedquestion3": "2016-03-15T19:35:15Z",
  "startedquestion2": "2016-03-15T19:34:28Z",
  "startedquestion5": "2016-03-15T19:35:27Z",
  "startedquestion4": "2016-03-15T19:35:22Z",
  "startedquestion7": "2016-03-15T19:36:06Z",
  "startedquestion6": "2016-03-15T19:35:53Z",
  "question1": 0,
  "question3": 0,
  "question2": 1,
  "question5": 0,
  "question4": 0,
  "question7": 1,
  "question6": 1,
  "questionhoveredseconds7": 2.743,
  "questionhoveredseconds6": 1.09,
  "questionhoveredseconds5": 1.257,
  "questionhoveredseconds4": 2.21,
  "questionhoveredseconds3": 4.019,
  "questionhoveredseconds2": 2.047,
  "questionhoveredseconds1": 3.732,
  "user": 761,
  "updated": "2016-03-15T19:34:28.548Z"
 },
 "model": "games.pretest",
 "pk": 709
},
{
 "fields": {
  "finishedquestion3": "2016-03-16T14:04:20.372Z",
  "finishedquestion2": "2016-03-16T14:04:17.448Z",
  "finishedquestion1": "2016-03-16T14:04:14.627Z",
  "created": "2016-03-16T14:04:14.630Z",
  "finishedquestion7": "2016-03-16T14:04:44.492Z",
  "finishedquestion6": "2016-03-16T14:04:36.617Z",
  "finishedquestion5": "2016-03-16T14:04:28.092Z",
  "finishedquestion4": "2016-03-16T14:04:22.419Z",
  "questionrightclicked6": 1,
  "questionrightclicked7": 1,
  "questionrightclicked4": 0,
  "questionrightclicked5": 0,
  "questionrightclicked2": 1,
  "questionrightclicked3": 0,
  "questionrightclicked1": 0,
  "questionhovered3": 1,
  "questionhovered2": 1,
  "questionhovered1": 1,
  "questionhovered7": 1,
  "questionhovered6": 1,
  "questionhovered5": 1,
  "questionhovered4": 0,
  "questionclicked1": 0,
  "questionclicked3": 0,
  "questionclicked2": 0,
  "questionclicked5": 1,
  "questionclicked4": 0,
  "questionclicked7": 0,
  "questionclicked6": 0,
  "correct2": 2,
  "correct3": 1,
  "correct1": 2,
  "correct6": 1,
  "correct7": 1,
  "correct4": 1,
  "correct5": 1,
  "startedquestion1": "2016-03-16T14:04:12Z",
  "startedquestion3": "2016-03-16T14:04:17Z",
  "startedquestion2": "2016-03-16T14:04:14Z",
  "startedquestion5": "2016-03-16T14:04:22Z",
  "startedquestion4": "2016-03-16T14:04:20Z",
  "startedquestion7": "2016-03-16T14:04:36Z",
  "startedquestion6": "2016-03-16T14:04:28Z",
  "question1": 1,
  "question3": 0,
  "question2": 0,
  "question5": 0,
  "question4": 0,
  "question7": 1,
  "question6": 0,
  "questionhoveredseconds7": 0.017,
  "questionhoveredseconds6": 0.118,
  "questionhoveredseconds5": 3.154,
  "questionhoveredseconds4": 0.0,
  "questionhoveredseconds3": 0.481,
  "questionhoveredseconds2": 0.948,
  "questionhoveredseconds1": 0.483,
  "user": 763,
  "updated": "2016-03-16T14:04:14.630Z"
 },
 "model": "games.pretest",
 "pk": 712
},
{
 "fields": {
  "finishedquestion3": "2016-03-16T15:08:08.445Z",
  "finishedquestion2": "2016-03-16T15:07:58.478Z",
  "finishedquestion1": "2016-03-16T15:07:48.282Z",
  "created": "2016-03-16T15:07:48.285Z",
  "finishedquestion7": "2016-03-16T15:09:02.727Z",
  "finishedquestion6": "2016-03-16T15:08:53.229Z",
  "finishedquestion5": "2016-03-16T15:08:32.557Z",
  "finishedquestion4": "2016-03-16T15:08:17.694Z",
  "questionrightclicked6": 0,
  "questionrightclicked7": 0,
  "questionrightclicked4": 0,
  "questionrightclicked5": 0,
  "questionrightclicked2": 0,
  "questionrightclicked3": 0,
  "questionrightclicked1": 0,
  "questionhovered3": 0,
  "questionhovered2": 1,
  "questionhovered1": 1,
  "questionhovered7": 1,
  "questionhovered6": 1,
  "questionhovered5": 0,
  "questionhovered4": 0,
  "questionclicked1": 0,
  "questionclicked3": 0,
  "questionclicked2": 0,
  "questionclicked5": 0,
  "questionclicked4": 0,
  "questionclicked7": 0,
  "questionclicked6": 0,
  "correct2": 1,
  "correct3": 1,
  "correct1": 1,
  "correct6": 1,
  "correct7": 1,
  "correct4": 1,
  "correct5": 1,
  "startedquestion1": "2016-03-16T15:07:36Z",
  "startedquestion3": "2016-03-16T15:07:58Z",
  "startedquestion2": "2016-03-16T15:07:48Z",
  "startedquestion5": "2016-03-16T15:08:17Z",
  "startedquestion4": "2016-03-16T15:08:08Z",
  "startedquestion7": "2016-03-16T15:08:53Z",
  "startedquestion6": "2016-03-16T15:08:32Z",
  "question1": 0,
  "question3": 0,
  "question2": 1,
  "question5": 0,
  "question4": 0,
  "question7": 1,
  "question6": 0,
  "questionhoveredseconds7": 1.812,
  "questionhoveredseconds6": 0.668,
  "questionhoveredseconds5": 0.0,
  "questionhoveredseconds4": 0.0,
  "questionhoveredseconds3": 0.0,
  "questionhoveredseconds2": 4.879,
  "questionhoveredseconds1": 6.495,
  "user": 764,
  "updated": "2016-03-16T15:07:48.285Z"
 },
 "model": "games.pretest",
 "pk": 713
},
{
 "fields": {
  "finishedquestion3": "2016-03-16T15:07:58.626Z",
  "finishedquestion2": "2016-03-16T15:07:54.482Z",
  "finishedquestion1": "2016-03-16T15:07:48.647Z",
  "created": "2016-03-16T15:07:48.650Z",
  "finishedquestion7": "2016-03-16T15:08:20.819Z",
  "finishedquestion6": "2016-03-16T15:08:16.951Z",
  "finishedquestion5": "2016-03-16T15:08:04.234Z",
  "finishedquestion4": "2016-03-16T15:08:00.813Z",
  "questionrightclicked6": 0,
  "questionrightclicked7": 0,
  "questionrightclicked4": 0,
  "questionrightclicked5": 0,
  "questionrightclicked2": 0,
  "questionrightclicked3": 0,
  "questionrightclicked1": 0,
  "questionhovered3": 0,
  "questionhovered2": 0,
  "questionhovered1": 1,
  "questionhovered7": 0,
  "questionhovered6": 1,
  "questionhovered5": 0,
  "questionhovered4": 0,
  "questionclicked1": 0,
  "questionclicked3": 0,
  "questionclicked2": 0,
  "questionclicked5": 0,
  "questionclicked4": 0,
  "questionclicked7": 0,
  "questionclicked6": 0,
  "correct2": 2,
  "correct3": 1,
  "correct1": 2,
  "correct6": 2,
  "correct7": 2,
  "correct4": 1,
  "correct5": 1,
  "startedquestion1": "2016-03-16T15:07:36Z",
  "startedquestion3": "2016-03-16T15:07:54Z",
  "startedquestion2": "2016-03-16T15:07:48Z",
  "startedquestion5": "2016-03-16T15:08:00Z",
  "startedquestion4": "2016-03-16T15:07:58Z",
  "startedquestion7": "2016-03-16T15:08:16Z",
  "startedquestion6": "2016-03-16T15:08:04Z",
  "question1": 1,
  "question3": 0,
  "question2": 0,
  "question5": 0,
  "question4": 0,
  "question7": 0,
  "question6": 1,
  "questionhoveredseconds7": 0.0,
  "questionhoveredseconds6": 0.036,
  "questionhoveredseconds5": 0.0,
  "questionhoveredseconds4": 0.0,
  "questionhoveredseconds3": 0.0,
  "questionhoveredseconds2": 0.0,
  "questionhoveredseconds1": 0.305,
  "user": 768,
  "updated": "2016-03-16T15:07:48.650Z"
 },
 "model": "games.pretest",
 "pk": 714
},
{
 "fields": {
  "finishedquestion3": "2016-03-16T15:08:06.407Z",
  "finishedquestion2": "2016-03-16T15:07:52.576Z",
  "finishedquestion1": "2016-03-16T15:07:49.557Z",
  "created": "2016-03-16T15:07:49.560Z",
  "finishedquestion7": "2016-03-16T15:08:37.446Z",
  "finishedquestion6": "2016-03-16T15:08:32.282Z",
  "finishedquestion5": "2016-03-16T15:08:13.415Z",
  "finishedquestion4": "2016-03-16T15:08:09.216Z",
  "questionrightclicked6": 0,
  "questionrightclicked7": 0,
  "questionrightclicked4": 0,
  "questionrightclicked5": 0,
  "questionrightclicked2": 0,
  "questionrightclicked3": 0,
  "questionrightclicked1": 0,
  "questionhovered3": 0,
  "questionhovered2": 0,
  "questionhovered1": 0,
  "questionhovered7": 0,
  "questionhovered6": 1,
  "questionhovered5": 0,
  "questionhovered4": 0,
  "questionclicked1": 0,
  "questionclicked3": 0,
  "questionclicked2": 0,
  "questionclicked5": 0,
  "questionclicked4": 0,
  "questionclicked7": 0,
  "questionclicked6": 0,
  "correct2": 1,
  "correct3": 1,
  "correct1": 2,
  "correct6": 1,
  "correct7": 2,
  "correct4": 1,
  "correct5": 1,
  "startedquestion1": "2016-03-16T15:07:35Z",
  "startedquestion3": "2016-03-16T15:07:52Z",
  "startedquestion2": "2016-03-16T15:07:49Z",
  "startedquestion5": "2016-03-16T15:08:09Z",
  "startedquestion4": "2016-03-16T15:08:06Z",
  "startedquestion7": "2016-03-16T15:08:32Z",
  "startedquestion6": "2016-03-16T15:08:13Z",
  "question1": 1,
  "question3": 0,
  "question2": 1,
  "question5": 0,
  "question4": 0,
  "question7": 0,
  "question6": 0,
  "questionhoveredseconds7": 0.0,
  "questionhoveredseconds6": 0.072,
  "questionhoveredseconds5": 0.0,
  "questionhoveredseconds4": 0.0,
  "questionhoveredseconds3": 0.0,
  "questionhoveredseconds2": 0.0,
  "questionhoveredseconds1": 0.0,
  "user": 773,
  "updated": "2016-03-16T15:07:49.560Z"
 },
 "model": "games.pretest",
 "pk": 715
},
{
 "fields": {
  "finishedquestion3": "2016-03-16T15:08:06.119Z",
  "finishedquestion2": "2016-03-16T15:08:00.431Z",
  "finishedquestion1": "2016-03-16T15:07:50.754Z",
  "created": "2016-03-16T15:07:50.757Z",
  "finishedquestion7": "2016-03-16T15:08:34.165Z",
  "finishedquestion6": "2016-03-16T15:08:28.716Z",
  "finishedquestion5": "2016-03-16T15:08:18.503Z",
  "finishedquestion4": "2016-03-16T15:08:12.876Z",
  "questionrightclicked6": 0,
  "questionrightclicked7": 0,
  "questionrightclicked4": 0,
  "questionrightclicked5": 0,
  "questionrightclicked2": 0,
  "questionrightclicked3": 0,
  "questionrightclicked1": 0,
  "questionhovered3": 1,
  "questionhovered2": 1,
  "questionhovered1": 1,
  "questionhovered7": 1,
  "questionhovered6": 1,
  "questionhovered5": 1,
  "questionhovered4": 1,
  "questionclicked1": 0,
  "questionclicked3": 0,
  "questionclicked2": 0,
  "questionclicked5": 0,
  "questionclicked4": 0,
  "questionclicked7": 0,
  "questionclicked6": 0,
  "correct2": 1,
  "correct3": 1,
  "correct1": 1,
  "correct6": 1,
  "correct7": 1,
  "correct4": 1,
  "correct5": 1,
  "startedquestion1": "2016-03-16T15:07:39Z",
  "startedquestion3": "2016-03-16T15:08:00Z",
  "startedquestion2": "2016-03-16T15:07:50Z",
  "startedquestion5": "2016-03-16T15:08:12Z",
  "startedquestion4": "2016-03-16T15:08:06Z",
  "startedquestion7": "2016-03-16T15:08:28Z",
  "startedquestion6": "2016-03-16T15:08:18Z",
  "question1": 0,
  "question3": 0,
  "question2": 1,
  "question5": 0,
  "question4": 0,
  "question7": 1,
  "question6": 0,
  "questionhoveredseconds7": 1.324,
  "questionhoveredseconds6": 2.306,
  "questionhoveredseconds5": 1.47,
  "questionhoveredseconds4": 0.876,
  "questionhoveredseconds3": 0.639,
  "questionhoveredseconds2": 0.801,
  "questionhoveredseconds1": 0.041,
  "user": 765,
  "updated": "2016-03-16T15:07:50.757Z"
 },
 "model": "games.pretest",
 "pk": 716
},
{
 "fields": {
  "finishedquestion3": "2016-03-16T15:08:29.029Z",
  "finishedquestion2": "2016-03-16T15:08:11.272Z",
  "finishedquestion1": "2016-03-16T15:08:00.769Z",
  "created": "2016-03-16T15:08:00.772Z",
  "finishedquestion7": "2016-03-16T15:08:53.227Z",
  "finishedquestion6": "2016-03-16T15:08:47.881Z",
  "finishedquestion5": "2016-03-16T15:08:38.542Z",
  "finishedquestion4": "2016-03-16T15:08:33.875Z",
  "questionrightclicked6": 0,
  "questionrightclicked7": 0,
  "questionrightclicked4": 0,
  "questionrightclicked5": 0,
  "questionrightclicked2": 0,
  "questionrightclicked3": 0,
  "questionrightclicked1": 0,
  "questionhovered3": 0,
  "questionhovered2": 1,
  "questionhovered1": 0,
  "questionhovered7": 0,
  "questionhovered6": 0,
  "questionhovered5": 0,
  "questionhovered4": 0,
  "questionclicked1": 0,
  "questionclicked3": 0,
  "questionclicked2": 0,
  "questionclicked5": 0,
  "questionclicked4": 0,
  "questionclicked7": 0,
  "questionclicked6": 0,
  "correct2": 1,
  "correct3": 1,
  "correct1": 2,
  "correct6": 1,
  "correct7": 1,
  "correct4": 1,
  "correct5": 1,
  "startedquestion1": "2016-03-16T15:07:56Z",
  "startedquestion3": "2016-03-16T15:08:11Z",
  "startedquestion2": "2016-03-16T15:08:00Z",
  "startedquestion5": "2016-03-16T15:08:33Z",
  "startedquestion4": "2016-03-16T15:08:29Z",
  "startedquestion7": "2016-03-16T15:08:47Z",
  "startedquestion6": "2016-03-16T15:08:38Z",
  "question1": 1,
  "question3": 0,
  "question2": 1,
  "question5": 0,
  "question4": 0,
  "question7": 1,
  "question6": 0,
  "questionhoveredseconds7": 0.0,
  "questionhoveredseconds6": 0.0,
  "questionhoveredseconds5": 0.0,
  "questionhoveredseconds4": 0.0,
  "questionhoveredseconds3": 0.0,
  "questionhoveredseconds2": 2.175,
  "questionhoveredseconds1": 0.0,
  "user": 767,
  "updated": "2016-03-16T15:08:00.772Z"
 },
 "model": "games.pretest",
 "pk": 717
},
{
 "fields": {
  "finishedquestion3": "2016-03-16T15:08:16.798Z",
  "finishedquestion2": "2016-03-16T15:08:11.390Z",
  "finishedquestion1": "2016-03-16T15:08:00.961Z",
  "created": "2016-03-16T15:08:00.964Z",
  "finishedquestion7": "2016-03-16T15:08:50.917Z",
  "finishedquestion6": "2016-03-16T15:08:43.624Z",
  "finishedquestion5": "2016-03-16T15:08:25.435Z",
  "finishedquestion4": "2016-03-16T15:08:22.035Z",
  "questionrightclicked6": 0,
  "questionrightclicked7": 0,
  "questionrightclicked4": 0,
  "questionrightclicked5": 0,
  "questionrightclicked2": 0,
  "questionrightclicked3": 0,
  "questionrightclicked1": 0,
  "questionhovered3": 0,
  "questionhovered2": 0,
  "questionhovered1": 1,
  "questionhovered7": 0,
  "questionhovered6": 1,
  "questionhovered5": 0,
  "questionhovered4": 0,
  "questionclicked1": 0,
  "questionclicked3": 0,
  "questionclicked2": 0,
  "questionclicked5": 0,
  "questionclicked4": 0,
  "questionclicked7": 0,
  "questionclicked6": 0,
  "correct2": 2,
  "correct3": 1,
  "correct1": 2,
  "correct6": 1,
  "correct7": 2,
  "correct4": 1,
  "correct5": 2,
  "startedquestion1": "2016-03-16T15:07:52Z",
  "startedquestion3": "2016-03-16T15:08:11Z",
  "startedquestion2": "2016-03-16T15:08:00Z",
  "startedquestion5": "2016-03-16T15:08:22Z",
  "startedquestion4": "2016-03-16T15:08:16Z",
  "startedquestion7": "2016-03-16T15:08:43Z",
  "startedquestion6": "2016-03-16T15:08:25Z",
  "question1": 1,
  "question3": 0,
  "question2": 0,
  "question5": 1,
  "question4": 0,
  "question7": 0,
  "question6": 0,
  "questionhoveredseconds7": 0.0,
  "questionhoveredseconds6": 0.287,
  "questionhoveredseconds5": 0.0,
  "questionhoveredseconds4": 0.0,
  "questionhoveredseconds3": 0.0,
  "questionhoveredseconds2": 0.0,
  "questionhoveredseconds1": 0.732,
  "user": 766,
  "updated": "2016-03-16T15:08:00.964Z"
 },
 "model": "games.pretest",
 "pk": 718
},
{
 "fields": {
  "finishedquestion3": "2016-03-16T15:08:23.391Z",
  "finishedquestion2": "2016-03-16T15:08:10.998Z",
  "finishedquestion1": "2016-03-16T15:08:03.451Z",
  "created": "2016-03-16T15:08:03.454Z",
  "finishedquestion7": "2016-03-16T15:09:10.470Z",
  "finishedquestion6": "2016-03-16T15:09:02.799Z",
  "finishedquestion5": "2016-03-16T15:08:50.584Z",
  "finishedquestion4": "2016-03-16T15:08:39.597Z",
  "questionrightclicked6": 0,
  "questionrightclicked7": 0,
  "questionrightclicked4": 0,
  "questionrightclicked5": 0,
  "questionrightclicked2": 0,
  "questionrightclicked3": 0,
  "questionrightclicked1": 0,
  "questionhovered3": 1,
  "questionhovered2": 1,
  "questionhovered1": 1,
  "questionhovered7": 0,
  "questionhovered6": 1,
  "questionhovered5": 1,
  "questionhovered4": 1,
  "questionclicked1": 0,
  "questionclicked3": 0,
  "questionclicked2": 0,
  "questionclicked5": 1,
  "questionclicked4": 1,
  "questionclicked7": 0,
  "questionclicked6": 0,
  "correct2": 2,
  "correct3": 2,
  "correct1": 2,
  "correct6": 2,
  "correct7": 2,
  "correct4": 1,
  "correct5": 1,
  "startedquestion1": "2016-03-16T15:07:49Z",
  "startedquestion3": "2016-03-16T15:08:11Z",
  "startedquestion2": "2016-03-16T15:08:03Z",
  "startedquestion5": "2016-03-16T15:08:39Z",
  "startedquestion4": "2016-03-16T15:08:23Z",
  "startedquestion7": "2016-03-16T15:09:02Z",
  "startedquestion6": "2016-03-16T15:08:50Z",
  "question1": 1,
  "question3": 1,
  "question2": 0,
  "question5": 0,
  "question4": 0,
  "question7": 0,
  "question6": 1,
  "questionhoveredseconds7": 0.0,
  "questionhoveredseconds6": 0.015,
  "questionhoveredseconds5": 0.016,
  "questionhoveredseconds4": 3.612,
  "questionhoveredseconds3": 0.0,
  "questionhoveredseconds2": 0.301,
  "questionhoveredseconds1": 1.188,
  "user": 772,
  "updated": "2016-03-16T15:08:03.454Z"
 },
 "model": "games.pretest",
 "pk": 719
},
{
 "fields": {
  "finishedquestion3": "2016-03-16T15:08:28.236Z",
  "finishedquestion2": "2016-03-16T15:08:15.765Z",
  "finishedquestion1": "2016-03-16T15:08:07.877Z",
  "created": "2016-03-16T15:08:07.880Z",
  "finishedquestion7": "2016-03-16T15:09:09.907Z",
  "finishedquestion6": "2016-03-16T15:08:56.962Z",
  "finishedquestion5": "2016-03-16T15:08:42.472Z",
  "finishedquestion4": "2016-03-16T15:08:35.496Z",
  "questionrightclicked6": 0,
  "questionrightclicked7": 0,
  "questionrightclicked4": 0,
  "questionrightclicked5": 0,
  "questionrightclicked2": 0,
  "questionrightclicked3": 0,
  "questionrightclicked1": 0,
  "questionhovered3": 0,
  "questionhovered2": 0,
  "questionhovered1": 1,
  "questionhovered7": 0,
  "questionhovered6": 0,
  "questionhovered5": 0,
  "questionhovered4": 1,
  "questionclicked1": 0,
  "questionclicked3": 0,
  "questionclicked2": 0,
  "questionclicked5": 0,
  "questionclicked4": 0,
  "questionclicked7": 0,
  "questionclicked6": 0,
  "correct2": 1,
  "correct3": 1,
  "correct1": 2,
  "correct6": 2,
  "correct7": 2,
  "correct4": 1,
  "correct5": 2,
  "startedquestion1": "2016-03-16T15:07:44Z",
  "startedquestion3": "2016-03-16T15:08:15Z",
  "startedquestion2": "2016-03-16T15:08:07Z",
  "startedquestion5": "2016-03-16T15:08:35Z",
  "startedquestion4": "2016-03-16T15:08:28Z",
  "startedquestion7": "2016-03-16T15:08:56Z",
  "startedquestion6": "2016-03-16T15:08:42Z",
  "question1": 1,
  "question3": 0,
  "question2": 1,
  "question5": 1,
  "question4": 0,
  "question7": 0,
  "question6": 1,
  "questionhoveredseconds7": 0.0,
  "questionhoveredseconds6": 0.0,
  "questionhoveredseconds5": 0.0,
  "questionhoveredseconds4": 0.016,
  "questionhoveredseconds3": 0.0,
  "questionhoveredseconds2": 0.0,
  "questionhoveredseconds1": 0.156,
  "user": 769,
  "updated": "2016-03-16T15:08:07.880Z"
 },
 "model": "games.pretest",
 "pk": 720
},
{
 "fields": {
  "finishedquestion3": "2016-03-16T15:08:24.403Z",
  "finishedquestion2": "2016-03-16T15:08:16.513Z",
  "finishedquestion1": "2016-03-16T15:08:09.228Z",
  "created": "2016-03-16T15:08:09.231Z",
  "finishedquestion7": "2016-03-16T15:08:48.519Z",
  "finishedquestion6": "2016-03-16T15:08:44.425Z",
  "finishedquestion5": "2016-03-16T15:08:32.699Z",
  "finishedquestion4": "2016-03-16T15:08:29.760Z",
  "questionrightclicked6": 0,
  "questionrightclicked7": 0,
  "questionrightclicked4": 0,
  "questionrightclicked5": 0,
  "questionrightclicked2": 0,
  "questionrightclicked3": 0,
  "questionrightclicked1": 0,
  "questionhovered3": 1,
  "questionhovered2": 0,
  "questionhovered1": 0,
  "questionhovered7": 0,
  "questionhovered6": 0,
  "questionhovered5": 0,
  "questionhovered4": 0,
  "questionclicked1": 0,
  "questionclicked3": 0,
  "questionclicked2": 0,
  "questionclicked5": 0,
  "questionclicked4": 0,
  "questionclicked7": 0,
  "questionclicked6": 0,
  "correct2": 2,
  "correct3": 1,
  "correct1": 1,
  "correct6": 1,
  "correct7": 2,
  "correct4": 1,
  "correct5": 1,
  "startedquestion1": "2016-03-16T15:07:54Z",
  "startedquestion3": "2016-03-16T15:08:16Z",
  "startedquestion2": "2016-03-16T15:08:09Z",
  "startedquestion5": "2016-03-16T15:08:29Z",
  "startedquestion4": "2016-03-16T15:08:24Z",
  "startedquestion7": "2016-03-16T15:08:44Z",
  "startedquestion6": "2016-03-16T15:08:32Z",
  "question1": 0,
  "question3": 0,
  "question2": 0,
  "question5": 0,
  "question4": 0,
  "question7": 0,
  "question6": 0,
  "questionhoveredseconds7": 0.0,
  "questionhoveredseconds6": 0.0,
  "questionhoveredseconds5": 0.0,
  "questionhoveredseconds4": 0.0,
  "questionhoveredseconds3": 2.308,
  "questionhoveredseconds2": 0.0,
  "questionhoveredseconds1": 0.0,
  "user": 771,
  "updated": "2016-03-16T15:08:09.231Z"
 },
 "model": "games.pretest",
 "pk": 721
},
{
 "fields": {
  "finishedquestion3": "2016-03-16T15:08:38.540Z",
  "finishedquestion2": "2016-03-16T15:08:29.524Z",
  "finishedquestion1": "2016-03-16T15:08:13.090Z",
  "created": "2016-03-16T15:08:13.093Z",
  "finishedquestion7": "2016-03-16T15:09:26.414Z",
  "finishedquestion6": "2016-03-16T15:09:09.557Z",
  "finishedquestion5": "2016-03-16T15:08:51.528Z",
  "finishedquestion4": "2016-03-16T15:08:47.875Z",
  "questionrightclicked6": 0,
  "questionrightclicked7": 0,
  "questionrightclicked4": 0,
  "questionrightclicked5": 0,
  "questionrightclicked2": 0,
  "questionrightclicked3": 0,
  "questionrightclicked1": 0,
  "questionhovered3": 0,
  "questionhovered2": 0,
  "questionhovered1": 1,
  "questionhovered7": 0,
  "questionhovered6": 1,
  "questionhovered5": 0,
  "questionhovered4": 0,
  "questionclicked1": 1,
  "questionclicked3": 0,
  "questionclicked2": 0,
  "questionclicked5": 0,
  "questionclicked4": 0,
  "questionclicked7": 0,
  "questionclicked6": 0,
  "correct2": 1,
  "correct3": 1,
  "correct1": 2,
  "correct6": 2,
  "correct7": 1,
  "correct4": 1,
  "correct5": 1,
  "startedquestion1": "2016-03-16T15:07:52Z",
  "startedquestion3": "2016-03-16T15:08:29Z",
  "startedquestion2": "2016-03-16T15:08:13Z",
  "startedquestion5": "2016-03-16T15:08:47Z",
  "startedquestion4": "2016-03-16T15:08:38Z",
  "startedquestion7": "2016-03-16T15:09:09Z",
  "startedquestion6": "2016-03-16T15:08:51Z",
  "question1": 1,
  "question3": 0,
  "question2": 1,
  "question5": 0,
  "question4": 0,
  "question7": 1,
  "question6": 1,
  "questionhoveredseconds7": 0.0,
  "questionhoveredseconds6": 0.084,
  "questionhoveredseconds5": 0.0,
  "questionhoveredseconds4": 0.0,
  "questionhoveredseconds3": 0.0,
  "questionhoveredseconds2": 0.0,
  "questionhoveredseconds1": 0.008,
  "user": 770,
  "updated": "2016-03-16T15:08:13.093Z"
 },
 "model": "games.pretest",
 "pk": 722
},
{
 "fields": {
  "finishedquestion3": "2016-03-16T15:09:07.295Z",
  "finishedquestion2": "2016-03-16T15:08:55.036Z",
  "finishedquestion1": "2016-03-16T15:08:42.553Z",
  "created": "2016-03-16T15:08:42.556Z",
  "finishedquestion7": "2016-03-16T15:09:51.691Z",
  "finishedquestion6": "2016-03-16T15:09:44.118Z",
  "finishedquestion5": "2016-03-16T15:09:22.249Z",
  "finishedquestion4": "2016-03-16T15:09:15.092Z",
  "questionrightclicked6": 0,
  "questionrightclicked7": 0,
  "questionrightclicked4": 0,
  "questionrightclicked5": 0,
  "questionrightclicked2": 0,
  "questionrightclicked3": 0,
  "questionrightclicked1": 0,
  "questionhovered3": 0,
  "questionhovered2": 0,
  "questionhovered1": 1,
  "questionhovered7": 0,
  "questionhovered6": 0,
  "questionhovered5": 0,
  "questionhovered4": 0,
  "questionclicked1": 1,
  "questionclicked3": 0,
  "questionclicked2": 0,
  "questionclicked5": 0,
  "questionclicked4": 0,
  "questionclicked7": 0,
  "questionclicked6": 0,
  "correct2": 2,
  "correct3": 1,
  "correct1": 2,
  "correct6": 2,
  "correct7": 2,
  "correct4": 1,
  "correct5": 1,
  "startedquestion1": "2016-03-16T15:07:59Z",
  "startedquestion3": "2016-03-16T15:08:55Z",
  "startedquestion2": "2016-03-16T15:08:42Z",
  "startedquestion5": "2016-03-16T15:09:15Z",
  "startedquestion4": "2016-03-16T15:09:07Z",
  "startedquestion7": "2016-03-16T15:09:44Z",
  "startedquestion6": "2016-03-16T15:09:22Z",
  "question1": 1,
  "question3": 0,
  "question2": 0,
  "question5": 0,
  "question4": 0,
  "question7": 0,
  "question6": 1,
  "questionhoveredseconds7": 0.0,
  "questionhoveredseconds6": 0.0,
  "questionhoveredseconds5": 0.0,
  "questionhoveredseconds4": 0.0,
  "questionhoveredseconds3": 0.0,
  "questionhoveredseconds2": 0.0,
  "questionhoveredseconds1": 0.008,
  "user": 774,
  "updated": "2016-03-16T15:08:42.556Z"
 },
 "model": "games.pretest",
 "pk": 723
},
{
 "fields": {
  "finishedquestion3": "2016-03-22T18:35:55.864Z",
  "finishedquestion2": "2016-03-22T18:33:06.425Z",
  "finishedquestion1": "2016-03-22T18:32:28.301Z",
  "created": "2016-03-22T18:32:28.328Z",
  "finishedquestion7": "2016-03-22T18:44:41.953Z",
  "finishedquestion6": "2016-03-22T18:44:08.394Z",
  "finishedquestion5": "2016-03-22T18:37:36.374Z",
  "finishedquestion4": "2016-03-22T18:37:02.325Z",
  "questionrightclicked6": 0,
  "questionrightclicked7": 0,
  "questionrightclicked4": 0,
  "questionrightclicked5": 0,
  "questionrightclicked2": 0,
  "questionrightclicked3": 0,
  "questionrightclicked1": 0,
  "questionhovered3": 1,
  "questionhovered2": 1,
  "questionhovered1": 1,
  "questionhovered7": 1,
  "questionhovered6": 1,
  "questionhovered5": 0,
  "questionhovered4": 1,
  "questionclicked1": 0,
  "questionclicked3": 0,
  "questionclicked2": 0,
  "questionclicked5": 0,
  "questionclicked4": 0,
  "questionclicked7": 0,
  "questionclicked6": 0,
  "correct2": 2,
  "correct3": 1,
  "correct1": 1,
  "correct6": 1,
  "correct7": 2,
  "correct4": 1,
  "correct5": 1,
  "startedquestion1": "2016-03-22T18:28:47Z",
  "startedquestion3": "2016-03-22T18:33:06Z",
  "startedquestion2": "2016-03-22T18:32:28Z",
  "startedquestion5": "2016-03-22T18:37:02Z",
  "startedquestion4": "2016-03-22T18:35:55Z",
  "startedquestion7": "2016-03-22T18:44:08Z",
  "startedquestion6": "2016-03-22T18:37:36Z",
  "question1": 0,
  "question3": 0,
  "question2": 0,
  "question5": 0,
  "question4": 0,
  "question7": 0,
  "question6": 0,
  "questionhoveredseconds7": 0.017,
  "questionhoveredseconds6": 0.208,
  "questionhoveredseconds5": 0.0,
  "questionhoveredseconds4": 0.031,
  "questionhoveredseconds3": 0.009,
  "questionhoveredseconds2": 0.023,
  "questionhoveredseconds1": 0.057,
  "user": 776,
  "updated": "2016-03-22T18:32:28.328Z"
 },
 "model": "games.pretest",
 "pk": 724
},
{
 "fields": {
  "die6": 1,
  "die7": 2,
  "die4": 4,
  "die5": 3,
  "die2": 8,
  "die3": 6,
  "decision": 10,
  "die1": 3,
  "die8": 9,
  "die9": 5,
  "finished": "2016-03-15T19:51:31.511Z",
  "started": "2016-03-15T19:51:20Z",
  "points": 7.71,
  "created": "2016-03-15T19:51:31.513Z",
  "die10": 4,
  "originalPoints": 10.0,
  "willingness": 3.8,
  "willingnessRand": 2.29,
  "option10": true,
  "option2": true,
  "option3": true,
  "option1": false,
  "option6": true,
  "option7": true,
  "option4": true,
  "option5": true,
  "user": 761,
  "option8": true,
  "option9": true,
  "updated": "2016-03-15T19:51:31.513Z"
 },
 "model": "games.holtlaury",
 "pk": 539
},
{
 "fields": {
  "die6": 6,
  "die7": 3,
  "die4": 5,
  "die5": 2,
  "die2": 6,
  "die3": 4,
  "decision": 7,
  "die1": 9,
  "die8": 3,
  "die9": 2,
  "finished": "2016-03-16T14:07:37.126Z",
  "started": "2016-03-16T14:07:29Z",
  "points": 10.0,
  "created": "2016-03-16T14:07:37.128Z",
  "die10": 5,
  "originalPoints": 10.0,
  "willingness": 0.0,
  "willingnessRand": 0.82,
  "option10": true,
  "option2": false,
  "option3": false,
  "option1": false,
  "option6": true,
  "option7": true,
  "option4": false,
  "option5": false,
  "user": 763,
  "option8": true,
  "option9": true,
  "updated": "2016-03-16T14:07:37.128Z"
 },
 "model": "games.holtlaury",
 "pk": 542
},
{
 "fields": {
  "die6": 2,
  "die7": 9,
  "die4": 4,
  "die5": 8,
  "die2": 9,
  "die3": 6,
  "decision": 7,
  "die1": 6,
  "die8": 8,
  "die9": 7,
  "finished": "2016-03-16T15:13:14.603Z",
  "started": "2016-03-16T15:11:25Z",
  "points": 0.21,
  "created": "2016-03-16T15:13:14.605Z",
  "die10": 6,
  "originalPoints": 1.0,
  "willingness": 2.0,
  "willingnessRand": 0.79,
  "option10": true,
  "option2": false,
  "option3": false,
  "option1": false,
  "option6": false,
  "option7": true,
  "option4": false,
  "option5": false,
  "user": 766,
  "option8": true,
  "option9": true,
  "updated": "2016-03-16T15:13:14.605Z"
 },
 "model": "games.holtlaury",
 "pk": 543
},
{
 "fields": {
  "die6": 10,
  "die7": 10,
  "die4": 8,
  "die5": 5,
  "die2": 4,
  "die3": 8,
  "decision": 4,
  "die1": 3,
  "die8": 2,
  "die9": 3,
  "finished": "2016-03-16T15:13:36.920Z",
  "started": "2016-03-16T15:12:07Z",
  "points": 4.0,
  "created": "2016-03-16T15:13:36.922Z",
  "die10": 4,
  "originalPoints": 4.0,
  "willingness": 0.0,
  "willingnessRand": 1.9,
  "option10": true,
  "option2": false,
  "option3": false,
  "option1": false,
  "option6": true,
  "option7": true,
  "option4": false,
  "option5": true,
  "user": 773,
  "option8": true,
  "option9": true,
  "updated": "2016-03-16T15:13:36.922Z"
 },
 "model": "games.holtlaury",
 "pk": 544
},
{
 "fields": {
  "die6": 7,
  "die7": 3,
  "die4": 5,
  "die5": 9,
  "die2": 10,
  "die3": 8,
  "decision": 3,
  "die1": 4,
  "die8": 4,
  "die9": 4,
  "finished": "2016-03-16T15:13:40.107Z",
  "started": "2016-03-16T15:11:52Z",
  "points": 3.68,
  "created": "2016-03-16T15:13:40.111Z",
  "die10": 1,
  "originalPoints": 4.0,
  "willingness": 4.0,
  "willingnessRand": 0.32,
  "option10": true,
  "option2": false,
  "option3": false,
  "option1": false,
  "option6": false,
  "option7": true,
  "option4": false,
  "option5": false,
  "user": 772,
  "option8": true,
  "option9": true,
  "updated": "2016-03-16T15:13:40.111Z"
 },
 "model": "games.holtlaury",
 "pk": 545
},
{
 "fields": {
  "die6": 5,
  "die7": 7,
  "die4": 10,
  "die5": 9,
  "die2": 1,
  "die3": 2,
  "decision": 10,
  "die1": 7,
  "die8": 8,
  "die9": 7,
  "finished": "2016-03-16T15:15:17.417Z",
  "started": "2016-03-16T15:12:44Z",
  "points": 10.0,
  "created": "2016-03-16T15:15:17.419Z",
  "die10": 2,
  "originalPoints": 10.0,
  "willingness": 0.0,
  "willingnessRand": 1.47,
  "option10": true,
  "option2": false,
  "option3": false,
  "option1": false,
  "option6": true,
  "option7": true,
  "option4": false,
  "option5": false,
  "user": 767,
  "option8": true,
  "option9": true,
  "updated": "2016-03-16T15:15:17.419Z"
 },
 "model": "games.holtlaury",
 "pk": 546
},
{
 "fields": {
  "die6": 3,
  "die7": 9,
  "die4": 6,
  "die5": 3,
  "die2": 4,
  "die3": 9,
  "decision": 5,
  "die1": 6,
  "die8": 10,
  "die9": 9,
  "finished": "2016-03-16T15:15:34.729Z",
  "started": "2016-03-16T15:12:53Z",
  "points": 10.0,
  "created": "2016-03-16T15:15:34.731Z",
  "die10": 9,
  "originalPoints": 10.0,
  "willingness": 0.0,
  "willingnessRand": 3.04,
  "option10": true,
  "option2": false,
  "option3": false,
  "option1": false,
  "option6": true,
  "option7": true,
  "option4": true,
  "option5": true,
  "user": 769,
  "option8": true,
  "option9": true,
  "updated": "2016-03-16T15:15:34.731Z"
 },
 "model": "games.holtlaury",
 "pk": 547
},
{
 "fields": {
  "die6": 2,
  "die7": 3,
  "die4": 10,
  "die5": 2,
  "die2": 10,
  "die3": 4,
  "decision": 8,
  "die1": 4,
  "die8": 5,
  "die9": 8,
  "finished": "2016-03-16T15:15:46.084Z",
  "started": "2016-03-16T15:14:09Z",
  "points": 10.0,
  "created": "2016-03-16T15:15:46.085Z",
  "die10": 1,
  "originalPoints": 10.0,
  "willingness": 0.0,
  "willingnessRand": 0.04,
  "option10": true,
  "option2": false,
  "option3": false,
  "option1": false,
  "option6": false,
  "option7": true,
  "option4": false,
  "option5": false,
  "user": 768,
  "option8": true,
  "option9": true,
  "updated": "2016-03-16T15:15:46.086Z"
 },
 "model": "games.holtlaury",
 "pk": 548
},
{
 "fields": {
  "die6": 7,
  "die7": 4,
  "die4": 1,
  "die5": 5,
  "die2": 6,
  "die3": 4,
  "decision": 3,
  "die1": 10,
  "die8": 4,
  "die9": 3,
  "finished": "2016-03-16T15:17:17.155Z",
  "started": "2016-03-16T15:15:18Z",
  "points": 0.75,
  "created": "2016-03-16T15:17:17.157Z",
  "die10": 2,
  "originalPoints": 4.0,
  "willingness": 4.0,
  "willingnessRand": 3.25,
  "option10": true,
  "option2": false,
  "option3": false,
  "option1": false,
  "option6": true,
  "option7": true,
  "option4": false,
  "option5": true,
  "user": 771,
  "option8": true,
  "option9": true,
  "updated": "2016-03-16T15:17:17.157Z"
 },
 "model": "games.holtlaury",
 "pk": 549
},
{
 "fields": {
  "die6": 2,
  "die7": 2,
  "die4": 4,
  "die5": 7,
  "die2": 4,
  "die3": 2,
  "decision": 3,
  "die1": 2,
  "die8": 9,
  "die9": 9,
  "finished": "2016-03-16T15:17:41.093Z",
  "started": "2016-03-16T15:10:36Z",
  "points": 5.0,
  "created": "2016-03-16T15:17:41.095Z",
  "die10": 2,
  "originalPoints": 5.0,
  "willingness": 0.0,
  "willingnessRand": 3.51,
  "option10": true,
  "option2": false,
  "option3": false,
  "option1": false,
  "option6": true,
  "option7": true,
  "option4": true,
  "option5": true,
  "user": 765,
  "option8": true,
  "option9": true,
  "updated": "2016-03-16T15:17:41.095Z"
 },
 "model": "games.holtlaury",
 "pk": 550
},
{
 "fields": {
  "die6": 4,
  "die7": 3,
  "die4": 7,
  "die5": 7,
  "die2": 8,
  "die3": 7,
  "decision": 2,
  "die1": 1,
  "die8": 4,
  "die9": 10,
  "finished": "2016-03-16T15:18:42.140Z",
  "started": "2016-03-16T15:17:46Z",
  "points": 1.5,
  "created": "2016-03-16T15:18:42.142Z",
  "die10": 1,
  "originalPoints": 4.0,
  "willingness": 3.0,
  "willingnessRand": 2.5,
  "option10": true,
  "option2": false,
  "option3": false,
  "option1": false,
  "option6": true,
  "option7": true,
  "option4": false,
  "option5": true,
  "user": 764,
  "option8": true,
  "option9": true,
  "updated": "2016-03-16T15:18:42.142Z"
 },
 "model": "games.holtlaury",
 "pk": 551
},
{
 "fields": {
  "die6": 8,
  "die7": 9,
  "die4": 6,
  "die5": 8,
  "die2": 10,
  "die3": 2,
  "decision": 5,
  "die1": 6,
  "die8": 8,
  "die9": 8,
  "finished": "2016-03-16T15:19:16.014Z",
  "started": "2016-03-16T15:16:17Z",
  "points": 1.0,
  "created": "2016-03-16T15:19:16.017Z",
  "die10": 1,
  "originalPoints": 1.0,
  "willingness": 0.0,
  "willingnessRand": 0.07,
  "option10": true,
  "option2": false,
  "option3": false,
  "option1": false,
  "option6": false,
  "option7": true,
  "option4": false,
  "option5": true,
  "user": 774,
  "option8": true,
  "option9": true,
  "updated": "2016-03-16T15:19:16.017Z"
 },
 "model": "games.holtlaury",
 "pk": 552
},
{
 "fields": {
  "die6": 2,
  "die7": 3,
  "die4": 10,
  "die5": 8,
  "die2": 3,
  "die3": 7,
  "decision": 6,
  "die1": 8,
  "die8": 5,
  "die9": 8,
  "finished": "2016-03-16T15:21:38.872Z",
  "started": "2016-03-16T15:19:16Z",
  "points": 8.52,
  "created": "2016-03-16T15:21:38.875Z",
  "die10": 7,
  "originalPoints": 10.0,
  "willingness": 4.0,
  "willingnessRand": 1.48,
  "option10": true,
  "option2": false,
  "option3": false,
  "option1": false,
  "option6": true,
  "option7": true,
  "option4": false,
  "option5": false,
  "user": 770,
  "option8": true,
  "option9": true,
  "updated": "2016-03-16T15:21:38.876Z"
 },
 "model": "games.holtlaury",
 "pk": 553
},
{
 "fields": {
  "die6": 9,
  "die7": 8,
  "die4": 10,
  "die5": 6,
  "die2": 7,
  "die3": 6,
  "decision": 5,
  "die1": 5,
  "die8": 10,
  "die9": 7,
  "finished": "2016-03-22T20:24:16.835Z",
  "started": "2016-03-22T20:24:08Z",
  "points": 4.0,
  "created": "2016-03-22T20:24:16.837Z",
  "die10": 10,
  "originalPoints": 4.0,
  "willingness": 0.0,
  "willingnessRand": 0.66,
  "option10": true,
  "option2": false,
  "option3": false,
  "option1": false,
  "option6": true,
  "option7": true,
  "option4": false,
  "option5": false,
  "user": 776,
  "option8": true,
  "option9": true,
  "updated": "2016-03-22T20:24:16.837Z"
 },
 "model": "games.holtlaury",
 "pk": 555
},
{
 "fields": {
  "started": "2016-03-15T19:53:08Z",
  "chosen": 6,
  "originalPoints": 1.5,
  "willingness": 0.0,
  "willingnessRand": 16.0,
  "finished": "2016-03-15T19:53:16.710Z",
  "points": 1.5,
  "coin4": true,
  "coin5": false,
  "coin6": false,
  "coin7": true,
  "coin1": true,
  "coin2": true,
  "coin3": true,
  "user": 761,
  "created": "2016-03-15T19:53:16.712Z",
  "coin8": false,
  "coin9": true,
  "updated": "2016-03-15T19:53:16.712Z"
 },
 "model": "games.gamble",
 "pk": 541
},
{
 "fields": {
  "started": "2016-03-16T14:06:05Z",
  "chosen": 7,
  "originalPoints": 1.0,
  "willingness": 0.0,
  "willingnessRand": 16.0,
  "finished": "2016-03-16T14:06:08.311Z",
  "points": 1.0,
  "coin4": true,
  "coin5": false,
  "coin6": true,
  "coin7": false,
  "coin1": true,
  "coin2": true,
  "coin3": true,
  "user": 763,
  "created": "2016-03-16T14:06:08.313Z",
  "coin8": false,
  "coin9": false,
  "updated": "2016-03-16T14:06:08.313Z"
 },
 "model": "games.gamble",
 "pk": 543
},
{
 "fields": {
  "started": "2016-03-16T15:09:46Z",
  "chosen": 1,
  "originalPoints": 4.0,
  "willingness": 0.0,
  "willingnessRand": 16.0,
  "finished": "2016-03-16T15:10:13.864Z",
  "points": 4.0,
  "coin4": true,
  "coin5": false,
  "coin6": true,
  "coin7": false,
  "coin1": false,
  "coin2": true,
  "coin3": false,
  "user": 768,
  "created": "2016-03-16T15:10:13.866Z",
  "coin8": false,
  "coin9": false,
  "updated": "2016-03-16T15:10:13.866Z"
 },
 "model": "games.gamble",
 "pk": 544
},
{
 "fields": {
  "started": "2016-03-16T15:11:53Z",
  "chosen": 9,
  "originalPoints": 0.0,
  "willingness": 0.0,
  "willingnessRand": 16.0,
  "finished": "2016-03-16T15:12:28.447Z",
  "points": 0.0,
  "coin4": false,
  "coin5": false,
  "coin6": true,
  "coin7": true,
  "coin1": false,
  "coin2": true,
  "coin3": true,
  "user": 771,
  "created": "2016-03-16T15:12:28.449Z",
  "coin8": false,
  "coin9": false,
  "updated": "2016-03-16T15:12:28.449Z"
 },
 "model": "games.gamble",
 "pk": 545
},
{
 "fields": {
  "started": "2016-03-16T15:12:42Z",
  "chosen": 1,
  "originalPoints": 4.0,
  "willingness": 0.0,
  "willingnessRand": 16.0,
  "finished": "2016-03-16T15:13:14.308Z",
  "points": 4.0,
  "coin4": false,
  "coin5": false,
  "coin6": false,
  "coin7": true,
  "coin1": false,
  "coin2": false,
  "coin3": true,
  "user": 774,
  "created": "2016-03-16T15:13:14.310Z",
  "coin8": true,
  "coin9": true,
  "updated": "2016-03-16T15:13:14.310Z"
 },
 "model": "games.gamble",
 "pk": 546
},
{
 "fields": {
  "started": "2016-03-16T15:14:06Z",
  "chosen": 9,
  "originalPoints": 12.0,
  "willingness": 0.0,
  "willingnessRand": 16.0,
  "finished": "2016-03-16T15:14:39.151Z",
  "points": 12.0,
  "coin4": true,
  "coin5": true,
  "coin6": true,
  "coin7": true,
  "coin1": true,
  "coin2": false,
  "coin3": false,
  "user": 764,
  "created": "2016-03-16T15:14:39.153Z",
  "coin8": true,
  "coin9": true,
  "updated": "2016-03-16T15:14:39.153Z"
 },
 "model": "games.gamble",
 "pk": 547
},
{
 "fields": {
  "started": "2016-03-16T15:14:15Z",
  "chosen": 7,
  "originalPoints": 10.0,
  "willingness": 0.0,
  "willingnessRand": 16.0,
  "finished": "2016-03-16T15:14:55.930Z",
  "points": 10.0,
  "coin4": false,
  "coin5": false,
  "coin6": true,
  "coin7": true,
  "coin1": true,
  "coin2": false,
  "coin3": true,
  "user": 770,
  "created": "2016-03-16T15:14:55.931Z",
  "coin8": true,
  "coin9": false,
  "updated": "2016-03-16T15:14:55.932Z"
 },
 "model": "games.gamble",
 "pk": 548
},
{
 "fields": {
  "started": "2016-03-16T15:16:27Z",
  "chosen": 9,
  "originalPoints": 12.0,
  "willingness": 0.0,
  "willingnessRand": 16.0,
  "finished": "2016-03-16T15:16:52.720Z",
  "points": 12.0,
  "coin4": false,
  "coin5": false,
  "coin6": true,
  "coin7": true,
  "coin1": true,
  "coin2": false,
  "coin3": true,
  "user": 773,
  "created": "2016-03-16T15:16:52.723Z",
  "coin8": false,
  "coin9": true,
  "updated": "2016-03-16T15:16:52.723Z"
 },
 "model": "games.gamble",
 "pk": 549
},
{
 "fields": {
  "started": "2016-03-16T15:17:19Z",
  "chosen": 3,
  "originalPoints": 6.0,
  "willingness": 0.0,
  "willingnessRand": 16.0,
  "finished": "2016-03-16T15:18:00.435Z",
  "points": 6.0,
  "coin4": false,
  "coin5": false,
  "coin6": false,
  "coin7": true,
  "coin1": true,
  "coin2": false,
  "coin3": true,
  "user": 772,
  "created": "2016-03-16T15:18:00.437Z",
  "coin8": true,
  "coin9": false,
  "updated": "2016-03-16T15:18:00.437Z"
 },
 "model": "games.gamble",
 "pk": 550
},
{
 "fields": {
  "started": "2016-03-16T15:19:16Z",
  "chosen": 1,
  "originalPoints": 4.0,
  "willingness": 0.0,
  "willingnessRand": 16.0,
  "finished": "2016-03-16T15:19:57.855Z",
  "points": 4.0,
  "coin4": true,
  "coin5": false,
  "coin6": false,
  "coin7": true,
  "coin1": false,
  "coin2": true,
  "coin3": false,
  "user": 766,
  "created": "2016-03-16T15:19:57.857Z",
  "coin8": true,
  "coin9": false,
  "updated": "2016-03-16T15:19:57.857Z"
 },
 "model": "games.gamble",
 "pk": 551
},
{
 "fields": {
  "started": "2016-03-16T15:21:51Z",
  "chosen": 9,
  "originalPoints": 0.0,
  "willingness": 0.0,
  "willingnessRand": 16.0,
  "finished": "2016-03-16T15:22:33.487Z",
  "points": 0.0,
  "coin4": false,
  "coin5": true,
  "coin6": false,
  "coin7": false,
  "coin1": false,
  "coin2": true,
  "coin3": false,
  "user": 765,
  "created": "2016-03-16T15:22:33.491Z",
  "coin8": false,
  "coin9": false,
  "updated": "2016-03-16T15:22:33.491Z"
 },
 "model": "games.gamble",
 "pk": 552
},
{
 "fields": {
  "started": "2016-03-16T15:23:06Z",
  "chosen": 5,
  "originalPoints": 2.0,
  "willingness": 0.0,
  "willingnessRand": 16.0,
  "finished": "2016-03-16T15:24:33.619Z",
  "points": 2.0,
  "coin4": true,
  "coin5": false,
  "coin6": true,
  "coin7": false,
  "coin1": false,
  "coin2": true,
  "coin3": true,
  "user": 767,
  "created": "2016-03-16T15:24:33.620Z",
  "coin8": false,
  "coin9": true,
  "updated": "2016-03-16T15:24:33.620Z"
 },
 "model": "games.gamble",
 "pk": 553
},
{
 "fields": {
  "started": "2016-03-16T15:24:17Z",
  "chosen": 3,
  "originalPoints": 6.0,
  "willingness": 0.0,
  "willingnessRand": 16.0,
  "finished": "2016-03-16T15:25:17.520Z",
  "points": 6.0,
  "coin4": true,
  "coin5": false,
  "coin6": false,
  "coin7": true,
  "coin1": false,
  "coin2": true,
  "coin3": true,
  "user": 769,
  "created": "2016-03-16T15:25:17.522Z",
  "coin8": false,
  "coin9": true,
  "updated": "2016-03-16T15:25:17.522Z"
 },
 "model": "games.gamble",
 "pk": 554
},
{
 "fields": {
  "started": "2016-03-22T20:07:53Z",
  "chosen": 4,
  "originalPoints": 2.5,
  "willingness": 0.0,
  "willingnessRand": 16.0,
  "finished": "2016-03-22T20:09:08.992Z",
  "points": 2.5,
  "coin4": false,
  "coin5": false,
  "coin6": true,
  "coin7": true,
  "coin1": false,
  "coin2": true,
  "coin3": false,
  "user": 776,
  "created": "2016-03-22T20:09:08.994Z",
  "coin8": false,
  "coin9": true,
  "updated": "2016-03-22T20:09:08.994Z"
 },
 "model": "games.gamble",
 "pk": 555
},
{
 "fields": {
  "startedreturned4": "2016-03-20T13:55:34Z",
  "invested": 5,
  "points": 3,
  "finishedreturned4": "2016-03-20T13:55:35Z",
  "finishedreturned5": "2016-03-16T14:20:39Z",
  "finishedreturned0": "2016-03-20T13:55:31Z",
  "finishedinvested": "2016-03-20T13:55:30Z",
  "finishedreturned2": "2016-03-20T13:55:33Z",
  "finishedreturned3": "2016-03-20T13:55:34Z",
  "startedreturned5": "2016-03-16T14:20:31Z",
  "created": "2016-03-16T14:06:23.540Z",
  "startedreturned2": "2016-03-20T13:55:32Z",
  "startedreturned3": "2016-03-20T13:55:33Z",
  "startedreturned0": "2016-03-20T13:55:30Z",
  "startedreturned1": "2016-03-20T13:55:31Z",
  "returned0": 0,
  "otherreturned": -1,
  "otherinvested": 2,
  "returned2": 8,
  "returned3": 14,
  "otheruser": 776,
  "returned1": 3,
  "returned4": 3,
  "returned5": 20,
  "startedinvested": "2016-03-20T13:55:28Z",
  "user": 763,
  "updated": "2016-03-22T20:14:21.167Z",
  "finishedreturned1": "2016-03-20T13:55:32Z"
 },
 "model": "games.investment",
 "pk": 545
},
{
 "fields": {
  "startedreturned4": "2016-03-16T14:21:42Z",
  "invested": 3,
  "points": 6,
  "finishedreturned4": "2016-03-16T14:21:43Z",
  "finishedreturned5": "2016-03-16T14:21:46Z",
  "finishedreturned0": "2016-03-16T14:21:38Z",
  "finishedinvested": "2016-03-16T14:21:37Z",
  "finishedreturned2": "2016-03-16T14:21:41Z",
  "finishedreturned3": "2016-03-16T14:21:42Z",
  "startedreturned5": "2016-03-16T14:21:43Z",
  "created": "2016-03-16T14:21:37.192Z",
  "startedreturned2": "2016-03-16T14:21:39Z",
  "startedreturned3": "2016-03-16T14:21:41Z",
  "startedreturned0": "2016-03-16T14:21:37Z",
  "startedreturned1": "2016-03-16T14:21:38Z",
  "returned0": 2,
  "otherreturned": 4,
  "otherinvested": -1,
  "returned2": 7,
  "returned3": 10,
  "otheruser": 767,
  "returned1": 4,
  "returned4": 10,
  "returned5": 13,
  "startedinvested": "2016-03-16T14:21:34Z",
  "user": 761,
  "updated": "2016-03-16T15:22:22.912Z",
  "finishedreturned1": "2016-03-16T14:21:39Z"
 },
 "model": "games.investment",
 "pk": 546
},
{
 "fields": {
  "startedreturned4": "2016-03-16T15:12:22Z",
  "invested": 0,
  "points": 20,
  "finishedreturned4": "2016-03-16T15:12:28.532Z",
  "finishedreturned5": "2016-03-16T15:14:00.111Z",
  "finishedreturned0": "2016-03-16T15:11:52.985Z",
  "finishedinvested": "2016-03-16T15:11:32.656Z",
  "finishedreturned2": "2016-03-16T15:12:11.466Z",
  "finishedreturned3": "2016-03-16T15:12:22.122Z",
  "startedreturned5": "2016-03-16T15:12:28Z",
  "created": "2016-03-16T15:11:32.659Z",
  "startedreturned2": "2016-03-16T15:12:03Z",
  "startedreturned3": "2016-03-16T15:12:11Z",
  "startedreturned0": "2016-03-16T15:11:32Z",
  "startedreturned1": "2016-03-16T15:11:53Z",
  "returned0": 0,
  "otherreturned": -1,
  "otherinvested": 5,
  "returned2": 0,
  "returned3": 0,
  "otheruser": 763,
  "returned1": 0,
  "returned4": 0,
  "returned5": 0,
  "startedinvested": "2016-03-16T15:10:23Z",
  "user": 768,
  "updated": "2016-03-16T15:14:00.126Z",
  "finishedreturned1": "2016-03-16T15:12:03.259Z"
 },
 "model": "games.investment",
 "pk": 547
},
{
 "fields": {
  "startedreturned4": "2016-03-16T15:14:34Z",
  "invested": 5,
  "points": 20,
  "finishedreturned4": "2016-03-16T15:14:43.610Z",
  "finishedreturned5": "2016-03-16T15:14:58.609Z",
  "finishedreturned0": "2016-03-16T15:13:47.155Z",
  "finishedinvested": "2016-03-16T15:13:16.749Z",
  "finishedreturned2": "2016-03-16T15:14:20.953Z",
  "finishedreturned3": "2016-03-16T15:14:34.581Z",
  "startedreturned5": "2016-03-16T15:14:43Z",
  "created": "2016-03-16T15:13:16.752Z",
  "startedreturned2": "2016-03-16T15:14:09Z",
  "startedreturned3": "2016-03-16T15:14:20Z",
  "startedreturned0": "2016-03-16T15:13:16Z",
  "startedreturned1": "2016-03-16T15:13:47Z",
  "returned0": 5,
  "otherreturned": 20,
  "otherinvested": -1,
  "returned2": 2,
  "returned3": 3,
  "otheruser": 763,
  "returned1": 3,
  "returned4": 7,
  "returned5": 10,
  "startedinvested": "2016-03-16T15:12:38Z",
  "user": 771,
  "updated": "2016-03-16T15:14:58.620Z",
  "finishedreturned1": "2016-03-16T15:14:09.394Z"
 },
 "model": "games.investment",
 "pk": 548
},
{
 "fields": {
  "startedreturned4": "2016-03-16T15:15:24Z",
  "invested": 2,
  "points": 6,
  "finishedreturned4": "2016-03-16T15:15:32.555Z",
  "finishedreturned5": "2016-03-16T15:15:59.919Z",
  "finishedreturned0": "2016-03-16T15:14:44.524Z",
  "finishedinvested": "2016-03-16T15:14:17.530Z",
  "finishedreturned2": "2016-03-16T15:15:15.812Z",
  "finishedreturned3": "2016-03-16T15:15:24.299Z",
  "startedreturned5": "2016-03-16T15:15:32Z",
  "created": "2016-03-16T15:14:17.532Z",
  "startedreturned2": "2016-03-16T15:14:57Z",
  "startedreturned3": "2016-03-16T15:15:15Z",
  "startedreturned0": "2016-03-16T15:14:17Z",
  "startedreturned1": "2016-03-16T15:14:44Z",
  "returned0": 2,
  "otherreturned": -1,
  "otherinvested": 1,
  "returned2": 1,
  "returned3": 3,
  "otheruser": 773,
  "returned1": 2,
  "returned4": 3,
  "returned5": 5,
  "startedinvested": "2016-03-16T15:13:23Z",
  "user": 774,
  "updated": "2016-03-16T15:16:00.289Z",
  "finishedreturned1": "2016-03-16T15:14:57.856Z"
 },
 "model": "games.investment",
 "pk": 549
},
{
 "fields": {
  "startedreturned4": "2016-03-16T15:15:52Z",
  "invested": 1,
  "points": 6,
  "finishedreturned4": "2016-03-16T15:15:54.793Z",
  "finishedreturned5": "2016-03-16T15:16:00.273Z",
  "finishedreturned0": "2016-03-16T15:15:31.463Z",
  "finishedinvested": "2016-03-16T15:15:15.559Z",
  "finishedreturned2": "2016-03-16T15:15:47.942Z",
  "finishedreturned3": "2016-03-16T15:15:52.195Z",
  "startedreturned5": "2016-03-16T15:15:54Z",
  "created": "2016-03-16T15:15:15.562Z",
  "startedreturned2": "2016-03-16T15:15:43Z",
  "startedreturned3": "2016-03-16T15:15:47Z",
  "startedreturned0": "2016-03-16T15:15:15Z",
  "startedreturned1": "2016-03-16T15:15:31Z",
  "returned0": 0,
  "otherreturned": 2,
  "otherinvested": -1,
  "returned2": 0,
  "returned3": 0,
  "otheruser": 774,
  "returned1": 0,
  "returned4": 0,
  "returned5": 0,
  "startedinvested": "2016-03-16T15:14:24Z",
  "user": 773,
  "updated": "2016-03-16T15:16:00.285Z",
  "finishedreturned1": "2016-03-16T15:15:43.623Z"
 },
 "model": "games.investment",
 "pk": 550
},
{
 "fields": {
  "startedreturned4": "2016-03-16T15:15:51Z",
  "invested": 5,
  "points": 11,
  "finishedreturned4": "2016-03-16T15:15:55.393Z",
  "finishedreturned5": "2016-03-16T15:17:08.914Z",
  "finishedreturned0": "2016-03-16T15:15:34.492Z",
  "finishedinvested": "2016-03-16T15:15:29.801Z",
  "finishedreturned2": "2016-03-16T15:15:45.448Z",
  "finishedreturned3": "2016-03-16T15:15:51.272Z",
  "startedreturned5": "2016-03-16T15:15:55Z",
  "created": "2016-03-16T15:15:29.804Z",
  "startedreturned2": "2016-03-16T15:15:41Z",
  "startedreturned3": "2016-03-16T15:15:45Z",
  "startedreturned0": "2016-03-16T15:15:29Z",
  "startedreturned1": "2016-03-16T15:15:34Z",
  "returned0": 0,
  "otherreturned": -1,
  "otherinvested": 3,
  "returned2": 3,
  "returned3": 3,
  "otheruser": 772,
  "returned1": 2,
  "returned4": 4,
  "returned5": 9,
  "startedinvested": "2016-03-16T15:14:46Z",
  "user": 764,
  "updated": "2016-03-16T15:17:09.872Z",
  "finishedreturned1": "2016-03-16T15:15:41.401Z"
 },
 "model": "games.investment",
 "pk": 551
},
{
 "fields": {
  "startedreturned4": "2016-03-16T15:16:45Z",
  "invested": 3,
  "points": 5,
  "finishedreturned4": "2016-03-16T15:16:56.908Z",
  "finishedreturned5": "2016-03-16T15:17:09.856Z",
  "finishedreturned0": "2016-03-16T15:16:13.904Z",
  "finishedinvested": "2016-03-16T15:15:46.293Z",
  "finishedreturned2": "2016-03-16T15:16:39.465Z",
  "finishedreturned3": "2016-03-16T15:16:44.989Z",
  "startedreturned5": "2016-03-16T15:16:56Z",
  "created": "2016-03-16T15:15:46.296Z",
  "startedreturned2": "2016-03-16T15:16:29Z",
  "startedreturned3": "2016-03-16T15:16:39Z",
  "startedreturned0": "2016-03-16T15:15:46Z",
  "startedreturned1": "2016-03-16T15:16:13Z",
  "returned0": 0,
  "otherreturned": 3,
  "otherinvested": -1,
  "returned2": 3,
  "returned3": 4,
  "otheruser": 764,
  "returned1": 2,
  "returned4": 6,
  "returned5": 8,
  "startedinvested": "2016-03-16T15:14:55Z",
  "user": 772,
  "updated": "2016-03-16T15:17:09.866Z",
  "finishedreturned1": "2016-03-16T15:16:29.821Z"
 },
 "model": "games.investment",
 "pk": 552
},
{
 "fields": {
  "startedreturned4": "2016-03-16T15:17:11Z",
  "invested": 4,
  "points": 12,
  "finishedreturned4": "2016-03-16T15:17:19.241Z",
  "finishedreturned5": "2016-03-16T15:18:44.437Z",
  "finishedreturned0": "2016-03-16T15:16:43.347Z",
  "finishedinvested": "2016-03-16T15:16:10.142Z",
  "finishedreturned2": "2016-03-16T15:17:03.697Z",
  "finishedreturned3": "2016-03-16T15:17:11.304Z",
  "startedreturned5": "2016-03-16T15:17:19Z",
  "created": "2016-03-16T15:16:10.147Z",
  "startedreturned2": "2016-03-16T15:16:56Z",
  "startedreturned3": "2016-03-16T15:17:03Z",
  "startedreturned0": "2016-03-16T15:16:10Z",
  "startedreturned1": "2016-03-16T15:16:43Z",
  "returned0": 0,
  "otherreturned": -1,
  "otherinvested": 5,
  "returned2": 3,
  "returned3": 6,
  "otheruser": 766,
  "returned1": 2,
  "returned4": 8,
  "returned5": 8,
  "startedinvested": "2016-03-16T15:15:05Z",
  "user": 770,
  "updated": "2016-03-16T15:18:45.638Z",
  "finishedreturned1": "2016-03-16T15:16:56.356Z"
 },
 "model": "games.investment",
 "pk": 553
},
{
 "fields": {
  "startedreturned4": "2016-03-16T15:17:58Z",
  "invested": 5,
  "points": 8,
  "finishedreturned4": "2016-03-16T15:18:26.841Z",
  "finishedreturned5": "2016-03-16T15:18:45.615Z",
  "finishedreturned0": "2016-03-16T15:17:12.965Z",
  "finishedinvested": "2016-03-16T15:16:22.568Z",
  "finishedreturned2": "2016-03-16T15:17:39.966Z",
  "finishedreturned3": "2016-03-16T15:17:58.087Z",
  "startedreturned5": "2016-03-16T15:18:26Z",
  "created": "2016-03-16T15:16:22.571Z",
  "startedreturned2": "2016-03-16T15:17:26Z",
  "startedreturned3": "2016-03-16T15:17:39Z",
  "startedreturned0": "2016-03-16T15:16:22Z",
  "startedreturned1": "2016-03-16T15:17:12Z",
  "returned0": 0,
  "otherreturned": 8,
  "otherinvested": -1,
  "returned2": 4,
  "returned3": 7,
  "otheruser": 770,
  "returned1": 2,
  "returned4": 9,
  "returned5": 10,
  "startedinvested": "2016-03-16T15:15:24Z",
  "user": 766,
  "updated": "2016-03-16T15:18:45.627Z",
  "finishedreturned1": "2016-03-16T15:17:26.401Z"
 },
 "model": "games.investment",
 "pk": 554
},
{
 "fields": {
  "startedreturned4": "2016-03-16T15:18:59Z",
  "invested": 2,
  "points": 15,
  "finishedreturned4": "2016-03-16T15:19:16.015Z",
  "finishedreturned5": "2016-03-16T15:21:41.100Z",
  "finishedreturned0": "2016-03-16T15:18:20.765Z",
  "finishedinvested": "2016-03-16T15:17:38.398Z",
  "finishedreturned2": "2016-03-16T15:18:45.747Z",
  "finishedreturned3": "2016-03-16T15:18:59.184Z",
  "startedreturned5": "2016-03-16T15:19:16Z",
  "created": "2016-03-16T15:17:38.401Z",
  "startedreturned2": "2016-03-16T15:18:35Z",
  "startedreturned3": "2016-03-16T15:18:45Z",
  "startedreturned0": "2016-03-16T15:17:38Z",
  "startedreturned1": "2016-03-16T15:18:20Z",
  "returned0": 0,
  "otherreturned": -1,
  "otherinvested": 5,
  "returned2": 0,
  "returned3": 1,
  "otheruser": 765,
  "returned1": 0,
  "returned4": 0,
  "returned5": 5,
  "startedinvested": "2016-03-16T15:16:37Z",
  "user": 769,
  "updated": "2016-03-16T15:21:41.973Z",
  "finishedreturned1": "2016-03-16T15:18:35.888Z"
 },
 "model": "games.investment",
 "pk": 555
},
{
 "fields": {
  "startedreturned4": "2016-03-16T15:21:04Z",
  "invested": 3,
  "points": 10,
  "finishedreturned4": "2016-03-16T15:21:19.420Z",
  "finishedreturned5": "2016-03-16T15:22:22.897Z",
  "finishedreturned0": "2016-03-16T15:20:30.008Z",
  "finishedinvested": "2016-03-16T15:19:01.734Z",
  "finishedreturned2": "2016-03-16T15:20:51.403Z",
  "finishedreturned3": "2016-03-16T15:21:04.932Z",
  "startedreturned5": "2016-03-16T15:21:19Z",
  "created": "2016-03-16T15:19:01.736Z",
  "startedreturned2": "2016-03-16T15:20:40Z",
  "startedreturned3": "2016-03-16T15:20:51Z",
  "startedreturned0": "2016-03-16T15:19:01Z",
  "startedreturned1": "2016-03-16T15:20:30Z",
  "returned0": 0,
  "otherreturned": -1,
  "otherinvested": 3,
  "returned2": 2,
  "returned3": 4,
  "otheruser": 761,
  "returned1": 1,
  "returned4": 5,
  "returned5": 7,
  "startedinvested": "2016-03-16T15:16:59Z",
  "user": 767,
  "updated": "2016-03-16T15:22:22.906Z",
  "finishedreturned1": "2016-03-16T15:20:40.132Z"
 },
 "model": "games.investment",
 "pk": 556
},
{
 "fields": {
  "startedreturned4": "2016-03-16T15:21:15Z",
  "invested": 5,
  "points": 5,
  "finishedreturned4": "2016-03-16T15:21:28.435Z",
  "finishedreturned5": "2016-03-16T15:21:41.959Z",
  "finishedreturned0": "2016-03-16T15:20:14.378Z",
  "finishedinvested": "2016-03-16T15:19:32.379Z",
  "finishedreturned2": "2016-03-16T15:21:02.332Z",
  "finishedreturned3": "2016-03-16T15:21:15.114Z",
  "startedreturned5": "2016-03-16T15:21:28Z",
  "created": "2016-03-16T15:19:32.381Z",
  "startedreturned2": "2016-03-16T15:20:38Z",
  "startedreturned3": "2016-03-16T15:21:02Z",
  "startedreturned0": "2016-03-16T15:19:32Z",
  "startedreturned1": "2016-03-16T15:20:14Z",
  "returned0": 0,
  "otherreturned": 5,
  "otherinvested": -1,
  "returned2": 0,
  "returned3": 1,
  "otheruser": 769,
  "returned1": 0,
  "returned4": 2,
  "returned5": 2,
  "startedinvested": "2016-03-16T15:18:40Z",
  "user": 765,
  "updated": "2016-03-16T15:21:41.969Z",
  "finishedreturned1": "2016-03-16T15:20:38.045Z"
 },
 "model": "games.investment",
 "pk": 557
},
{
 "fields": {
  "startedreturned4": "2016-03-22T20:11:38Z",
  "invested": 2,
  "points": 11,
  "finishedreturned4": "2016-03-22T20:11:58.435Z",
  "finishedreturned5": "2016-03-22T20:14:21.126Z",
  "finishedreturned0": "2016-03-22T20:10:38.802Z",
  "finishedinvested": "2016-03-22T20:10:13.901Z",
  "finishedreturned2": "2016-03-22T20:11:17.785Z",
  "finishedreturned3": "2016-03-22T20:11:38.942Z",
  "startedreturned5": "2016-03-22T20:11:58Z",
  "created": "2016-03-22T20:10:13.903Z",
  "startedreturned2": "2016-03-22T20:10:57Z",
  "startedreturned3": "2016-03-22T20:11:17Z",
  "startedreturned0": "2016-03-22T20:10:13Z",
  "startedreturned1": "2016-03-22T20:10:38Z",
  "returned0": 0,
  "otherreturned": 8,
  "otherinvested": -1,
  "returned2": 6,
  "returned3": 2,
  "otheruser": 763,
  "returned1": 2,
  "returned4": 15,
  "returned5": 20,
  "startedinvested": "2016-03-22T20:09:39Z",
  "user": 776,
  "updated": "2016-03-22T20:14:21.147Z",
  "finishedreturned1": "2016-03-22T20:10:57.558Z"
 },
 "model": "games.investment",
 "pk": 558
},
{
 "fields": {
  "trainingComment": "",
  "pretestComment": "",
  "user": 761,
  "created": "2016-03-16T00:13:57.751Z",
  "gamesComment": "",
  "updated": "2016-03-16T00:13:57.751Z"
 },
 "model": "games.thankyou",
 "pk": 468
},
{
 "fields": {
  "trainingComment": "",
  "pretestComment": "",
  "user": 763,
  "created": "2016-03-16T14:09:06.095Z",
  "gamesComment": "",
  "updated": "2016-03-16T14:09:06.095Z"
 },
 "model": "games.thankyou",
 "pk": 470
},
{
 "fields": {
  "trainingComment": "Training model was very effective ",
  "pretestComment": "Pre-test module was well run",
  "user": 768,
  "created": "2016-03-16T15:17:29.150Z",
  "gamesComment": "n/a",
  "updated": "2016-03-16T15:17:29.150Z"
 },
 "model": "games.thankyou",
 "pk": 471
},
{
 "fields": {
  "trainingComment": "",
  "pretestComment": "",
  "user": 773,
  "created": "2016-03-16T15:17:32.833Z",
  "gamesComment": "",
  "updated": "2016-03-16T15:17:32.833Z"
 },
 "model": "games.thankyou",
 "pk": 472
},
{
 "fields": {
  "trainingComment": "I liked how there wasn't as much waiting as past studies.",
  "pretestComment": "I liked how there wasn't as much waiting as past studies.",
  "user": 772,
  "created": "2016-03-16T15:18:57.707Z",
  "gamesComment": "I liked how there wasn't as much waiting as past studies.",
  "updated": "2016-03-16T15:18:57.707Z"
 },
 "model": "games.thankyou",
 "pk": 473
},
{
 "fields": {
  "trainingComment": "",
  "pretestComment": "",
  "user": 774,
  "created": "2016-03-16T15:20:24.370Z",
  "gamesComment": "",
  "updated": "2016-03-16T15:20:24.370Z"
 },
 "model": "games.thankyou",
 "pk": 474
},
{
 "fields": {
  "trainingComment": "No need for improvement.",
  "pretestComment": "No need for improvement. I really enjoyed the games.",
  "user": 771,
  "created": "2016-03-16T15:20:32.333Z",
  "gamesComment": "Slightly more clear instructions that the computer randomly chooses a lottery.",
  "updated": "2016-03-16T15:20:32.334Z"
 },
 "model": "games.thankyou",
 "pk": 475
},
{
 "fields": {
  "trainingComment": "",
  "pretestComment": "On the \"Pre-test Results\" page, the \"phishing awareness module\" should be called \"phishing awareness training module\" to be consistent.",
  "user": 764,
  "created": "2016-03-16T15:21:28.313Z",
  "gamesComment": "",
  "updated": "2016-03-16T15:21:28.313Z"
 },
 "model": "games.thankyou",
 "pk": 476
},
{
 "fields": {
  "trainingComment": "Perhaps include more URL tips (e.g. that for google doc, google drive may also be taught to students since I find I'm not sure about how the true URL should look like).",
  "pretestComment": "N/A",
  "user": 766,
  "created": "2016-03-16T15:22:33.490Z",
  "gamesComment": "Maybe by providing a hint that \"not all of them are phishing\"? I'm not sure.",
  "updated": "2016-03-16T15:22:33.490Z"
 },
 "model": "games.thankyou",
 "pk": 477
},
{
 "fields": {
  "trainingComment": "can't think of too much",
  "pretestComment": "awesome job, great web dev here",
  "user": 765,
  "created": "2016-03-16T15:23:24.878Z",
  "gamesComment": "they were excellent in every regard",
  "updated": "2016-03-16T15:23:24.878Z"
 },
 "model": "games.thankyou",
 "pk": 478
},
{
 "fields": {
  "trainingComment": "",
  "pretestComment": "improve the quality of the picture, it looks like a phishing website..",
  "user": 767,
  "created": "2016-03-16T15:26:41.297Z",
  "gamesComment": "",
  "updated": "2016-03-16T15:26:41.297Z"
 },
 "model": "games.thankyou",
 "pk": 479
},
{
 "fields": {
  "trainingComment": "showing how to report phishing email",
  "pretestComment": "I liked the pre-test module a lot but I was a little confused because i wasn't sure if that was being part of the experiment.",
  "user": 769,
  "created": "2016-03-16T15:29:14.858Z",
  "gamesComment": "i liked the 3 games :)",
  "updated": "2016-03-16T15:29:14.858Z"
 },
 "model": "games.thankyou",
 "pk": 480
},
{
 "fields": {
  "trainingComment": "I liked the emails provided, but maybe have a few more that are with different things, such as facebook passwords or a wolverine access email that is fake about account balance.",
  "pretestComment": "Pre-test module was good, but I would have liked to know which ones I got wrong.",
  "user": 770,
  "created": "2016-03-16T15:29:20.832Z",
  "gamesComment": "Instructions were clear on all games, no changes needed.",
  "updated": "2016-03-16T15:29:20.832Z"
 },
 "model": "games.thankyou",
 "pk": 481
},
{
 "fields": {
  "trainingComment": "",
  "pretestComment": "",
  "user": 776,
  "created": "2016-03-22T20:26:27.715Z",
  "gamesComment": "",
  "updated": "2016-03-22T20:26:27.715Z"
 },
 "model": "games.thankyou",
 "pk": 482
}
]
